<?xml version="1.0" encoding="UTF-8"?>
<metadata xml:lang="fr"><Esri><CreaDate>20170210</CreaDate><CreaTime>09533700</CreaTime><ArcGISFormat>1.0</ArcGISFormat><SyncOnce>TRUE</SyncOnce><DataProperties><itemProps><itemLocation><linkage Sync="TRUE">file://\\OCHAWKSCOD97180\C$\Users\Dotempak\Documents\ArcGIS\RGC_Data\Railway_l</linkage><protocol Sync="TRUE">Local Area Network</protocol></itemLocation></itemProps><copyHistory><copy source="C:\Users\Dotempak\Documents\ArcGIS\RGC_Data\From Nicky\01_Nouveau shape\Donnée logistique &amp; infrastructure\Railway_l" dest="\\OCHAWKSCOD97180\C$\Users\Dotempak\Documents\ArcGIS\RGC_Data\Railway_l" date="20170210" time="09533700"></copy></copyHistory></DataProperties></Esri></metadata>
