<?xml version="1.0"?>
<!--<!DOCTYPE metadata SYSTEM "http://www.esri.com/metadata/esriprof80.dtd">-->
<metadata xml:lang="fr"><Esri><CreaDate>20100409</CreaDate><CreaTime>12472200</CreaTime><SyncOnce>TRUE</SyncOnce><MetaID>{C3B79C48-6A3F-4840-94EC-9B6979012612}</MetaID></Esri><idinfo><citation><citeinfo><onlink Sync="TRUE">\\D52L1DH1\D$\work_GIS\EDIT\Pont</onlink></citeinfo></citation></idinfo><distInfo><distributor><distorTran><onLineSrc><linkage Sync="TRUE">file://\\D52L1DH1\D$\work_GIS\EDIT\Pont</linkage><protocol Sync="TRUE">Local Area Network</protocol></onLineSrc></distorTran></distributor></distInfo><dataqual><lineage><procstep><procdesc Sync="TRUE">Dataset moved.</procdesc><srcused Sync="TRUE">D:\work_GIS\091218_SIG_arnoud\edit\Pont_font_point</srcused><date Sync="TRUE">20100202</date><time Sync="TRUE">17475000</time></procstep><procstep><procdesc Sync="TRUE">Dataset copied.</procdesc><srcused Sync="TRUE">D:\data\RGC\Pont</srcused><date Sync="TRUE">20100409</date><time Sync="TRUE">12472200</time></procstep></lineage></dataqual></metadata>
