District_Name,District_ID,Population,Pop_X,Pop_Y,Geog_X,Geog_Y
Aru:Adi,HD_1,145611,30.75011351,3.447278217,30.733,3.46733
Aru:Adja,HD_2,120420,30.47468507,3.029399292,30.4132,3.04269
Aru:Angumu,HD_3,59068,31.03525638,2.027885719,31.0261,2.0247
Aru:Ariwara,HD_4,233286,30.72832252,3.152244688,30.7365,3.17705
Aru:Aru,HD_5,216355,30.75965421,2.852261222,30.7349,2.85261
Aru:Aungba,HD_6,164922,30.62058764,2.596725621,30.5966,2.59705
Aru:Biringi,HD_7,106106,30.41710792,2.768822724,30.3437,2.71904
Aru:Kambala,HD_8,123039,30.56477903,2.297948401,30.481,2.33517
Aru:Laybo,HD_9,131719,30.52685967,3.305246825,30.5061,3.33145
Aru:Logo,HD_10,128249,30.91199032,2.174169807,30.9187,2.17107
Aru:Mahagi,HD_11,178828,30.97142761,2.297053389,30.9417,2.3125
Aru:Nyarambe,HD_12,220463,31.13509717,2.182732962,31.1304,2.16766
Aru:Rimba,HD_13,109468,30.77887357,2.218477183,30.7559,2.21952
Bandundu:Bandundu,HD_14,162996,17.38047527,-3.31036873,17.4452,-3.31634
Bas-Fleuve:Inga,HD_15,154269,13.452024,-5.461003122,13.477,-5.45395
Bas-Fleuve:Kangu,HD_16,241314,12.82758141,-5.249364035,12.829,-5.25474
Bas-Fleuve:Kinkonzi,HD_17,185411,13.19118219,-4.815931334,13.1742,-4.81098
Bas-Fleuve:Kizu,HD_18,118933,12.95927678,-4.96897444,12.9607,-4.93923
Bas-Fleuve:Kuimba,HD_19,116333,12.69854999,-5.03688976,12.6938,-5.03944
Bas-Fleuve:Lukula,HD_20,211543,12.83985825,-5.429903287,12.8291,-5.47652
Bas-Fleuve:Seke-Banza,HD_21,266385,13.27604162,-5.185174548,13.2857,-5.21668
Bas-Fleuve:Tshela,HD_22,48877,12.87731341,-4.841350409,12.8912,-4.83769
Bas-Fleuve:Vaku,HD_23,179376,12.99655135,-5.099072194,13.0112,-5.11855
Beni:Beni,HD_24,715316,29.38516167,0.503516314,29.3093,0.482477
Beni:Kyondo,HD_25,159795,29.53639101,-0.030111257,29.5385,0.00810002
Beni:Mutwanga,HD_26,205854,29.71590486,0.27843474,29.7508,0.345657
Beni:Oicha,HD_27,382738,29.57070016,0.703715658,29.6708,0.724744
Beni:Vuhovi,HD_28,36778,29.41968919,0.172873231,29.4778,0.210642
Boma:Boma,HD_29,210353,13.05164695,-5.830550136,13.0535,-5.81341
Boma:Boma Bungu,HD_30,39552,13.00013779,-5.707830635,12.9747,-5.74085
Boma:Kitona,HD_31,69781,12.42684591,-5.942417548,12.4429,-5.96906
Boma:Moanda,HD_32,195276,12.36822581,-5.873591006,12.4974,-5.85092
Bukavu:Bagira,HD_33,32300,28.85237599,-2.539693232,28.8358,-2.53305
Bukavu:Ibanda,HD_34,224629,28.84553164,-2.492904502,28.8491,-2.49296
Bukavu:Kadutu,HD_35,58488,28.84818304,-2.515926559,28.8281,-2.50561
Bunia:Boga,HD_36,38583,29.9673507,1.007095928,30.003,0.984456
Bunia:Bunia,HD_37,367941,30.24688226,1.567496263,30.2513,1.58628
Bunia:Gethy,HD_38,101865,30.19923065,1.284929264,30.1878,1.25774
Bunia:Komanda,HD_39,105001,29.66965147,1.177134114,29.643,1.13414
Bunia:Lolwa,HD_40,28854,29.57004873,1.599495812,29.4419,1.82982
Bunia:Mambasa,HD_41,102721,28.85424399,1.28727757,28.6997,1.44963
Bunia:Mandima,HD_42,64548,29.22026547,0.862427816,29.1938,0.911438
Bunia:Nia-Nia,HD_43,44009,27.77054191,1.451671115,27.9799,1.31274
Bunia:Nyakunde,HD_44,72871,29.95089815,1.468419346,29.9444,1.47609
Bunia:Rwampara,HD_45,74817,30.1545147,1.571542255,30.1368,1.5813
Buta:Aketi,HD_46,147385,23.60725167,2.710467559,23.7554,2.66689
Buta:Bili,HD_47,68794,24.72524083,4.324879908,24.6423,4.19652
Buta:Bondo,HD_48,108385,23.71493076,4.015187371,23.7343,4.09065
Buta:Buta,HD_49,147300,24.76541131,2.798988031,24.9797,2.72781
Buta:Likati,HD_50,95888,23.85765272,3.262056528,23.7538,3.32021
Buta:Monga,HD_51,109612,22.8246351,4.341839263,23.028,4.30816
Buta:Titule,HD_52,56408,25.49706477,3.134712849,25.4847,2.96398
Butembo:Biena,HD_53,67994,28.97378532,0.263913371,28.9923,0.238752
Butembo:Butembo,HD_54,409274,29.27858834,0.159901045,29.2289,0.267651
Butembo:Katwa,HD_55,406850,29.30943133,0.129167477,29.3437,0.18064
Butembo:Kayna,HD_56,424168,29.1211342,-0.554504511,29.0464,-0.506879
Butembo:Lubero,HD_57,234411,29.15287032,-0.236650098,28.9467,-0.217816
Butembo:Manguredjipa,HD_58,126041,28.55296572,0.374277209,28.4416,0.391006
Butembo:Masereka,HD_59,62758,29.34147269,-0.079020123,29.3592,-0.112333
Butembo:Musienene,HD_60,161317,29.07195911,0.024122599,28.6713,0.000687378
Cataractes:Boko-Kivulu,HD_61,342112,14.97737171,-5.286457311,15.0165,-5.35694
Cataractes:Gombe-Matadi,HD_62,205176,14.6834054,-5.014816183,14.6554,-5.02303
Cataractes:Kibunzi,HD_63,127014,13.62603683,-5.04444277,13.6716,-5.053
Cataractes:Kimpangu,HD_64,130749,14.87596987,-5.763752883,14.92,-5.74693
Cataractes:Kimpese,HD_65,252794,14.333178,-5.481864566,14.3082,-5.45934
Cataractes:Kwilu-Ngongo,HD_66,219483,14.65336221,-5.492987537,14.6426,-5.48039
Cataractes:Luozi,HD_67,192163,13.97472851,-4.773703722,13.9345,-4.7965
Cataractes:Mangembo,HD_68,147754,14.21987146,-4.602270203,14.25,-4.60804
Cataractes:Mbanza-Ngungu,HD_69,246666,14.85202597,-5.239426433,14.8088,-5.18662
Cataractes:Nsona-Mpangu,HD_70,311237,13.85903084,-5.627335706,13.8836,-5.59273
Dingila:Ango,HD_71,122788,26.23036072,4.31858066,26.0726,4.47187
Dingila:Ganga,HD_72,236460,25.95749209,3.250712708,25.9729,3.09299
Dingila:Poko,HD_73,189877,26.73914323,3.093891394,26.7004,2.96694
Dingila:Viadana,HD_74,79172,27.40459265,3.032923758,27.3459,3.23097
Djugu:Bambu,HD_75,96474,30.21845683,1.883238625,30.2205,1.87176
Djugu:Damas,HD_76,96882,30.16227296,2.178514391,30.178,2.18521
Djugu:Drodro,HD_77,215427,30.54271466,1.749286978,30.5487,1.74173
Djugu:Fataki,HD_78,221627,30.5956176,1.934797322,30.5553,1.91391
Djugu:Jiba,HD_79,87199,30.68870028,1.847975445,30.7194,1.8246
Djugu:Kilo,HD_80,31474,30.10733008,1.78705529,30.0849,1.76212
Djugu:Linga,HD_81,99446,30.75521782,1.986236115,30.7734,1.9564
Djugu:Lita,HD_82,74563,30.36878877,1.607255235,30.3749,1.57476
Djugu:Mangala,HD_83,59447,30.37495671,1.919266681,30.4102,1.96698
Djugu:Mongbalu,HD_84,130038,29.98873218,1.957028742,29.9157,1.98343
Djugu:Nizi,HD_85,71062,30.32550041,1.741243704,30.3247,1.74969
Djugu:Rethy,HD_86,200079,30.76944526,2.08416145,30.7411,2.07503
Djugu:Tchomia,HD_87,31607,30.50912435,1.533934195,30.5081,1.54724
Equateur:Basankusu,HD_88,138227,19.84717581,1.084736477,19.8724,0.927929
Equateur:Bikoro,HD_89,115948,18.20939734,-0.597895122,18.1603,-0.514748
Equateur:Bolomba,HD_90,154715,19.14221681,0.445284241,19.0566,0.34702
Equateur:Bomongo,HD_91,59623,18.28878529,1.510033486,18.4495,1.5262
Equateur:Djombo,HD_92,73562,20.3583095,1.386277778,20.288,1.44351
Equateur:Iboko,HD_93,92730,18.55634247,-0.979956702,18.5366,-0.967868
Equateur:Ingende,HD_94,69860,18.85416793,-0.414160602,18.8202,-0.442233
Equateur:Irebu,HD_95,13260,17.67536936,-0.71871771,17.6455,-0.805294
Equateur:Lilanga Bobangi,HD_96,132043,18.21070962,0.027482177,18.0133,0.172592
Equateur:Lukolela,HD_97,115321,17.08984048,-1.406742693,17.1025,-1.44667
Equateur:Makanza,HD_98,59600,19.08841912,1.57969229,18.9325,1.40149
Equateur:Mampoko,HD_99,53129,18.81604105,0.889052655,18.8184,0.877133
Equateur:Monieka,HD_100,53455,19.9831925,0.038685361,20.0168,0.0998583
Equateur:Motumbe,HD_101,156965,19.66811112,-0.665137627,19.6291,-0.665955
Equateur:Ntondo,HD_102,78964,17.94442281,-1.083798327,17.9283,-1.11497
Funa:Bumbu,HD_103,318465,15.2938692,-4.374105858,15.2939,-4.37213
Funa:Kasa-Vubu,HD_104,202806,15.30635806,-4.341427621,15.3047,-4.34259
Funa:Makala,HD_105,161556,15.31073951,-4.376593408,15.308,-4.38176
Funa:Ngiri-Ngiri,HD_106,353589,15.29855831,-4.355630598,15.2987,-4.35684
Gombe:Barumbu,HD_107,310518,15.32246414,-4.316651923,15.3254,-4.32026
Gombe:Gombe,HD_108,539852,15.30170465,-4.309140045,15.298,-4.31091
Gombe:Kinshasa,HD_109,194778,15.31202811,-4.324818199,15.3119,-4.32247
Gombe:Lingwala,HD_110,173857,15.30080251,-4.32772414,15.3008,-4.32568
Haut Uele Est:Aba,HD_111,112923,30.27191551,3.683805899,30.3062,3.66118
Haut Uele Est:Faradje,HD_112,159320,29.82468936,3.630699915,29.8321,3.75674
Haut Uele Est:Gombari,HD_113,99150,28.92061373,2.824098451,28.9906,2.74719
Haut Uele Est:Makoro,HD_114,127572,30.0352864,3.169833889,30.0067,3.06307
Haut Uele Est:Watsa,HD_115,186587,29.60669492,2.975000399,29.7209,2.72203
Haut Uele Ouest:Boma-Mangbetu,HD_116,145544,27.73614768,2.25145776,27.7581,2.22274
Haut Uele Ouest:Doruma,HD_117,115275,27.84752399,4.393974136,27.6686,4.3948
Haut Uele Ouest:Dungu,HD_118,182454,28.79245277,3.606007533,28.9949,3.82436
Haut Uele Ouest:Isiro,HD_119,397183,27.52539444,2.703314345,27.2966,2.47008
Haut Uele Ouest:Niangara,HD_120,157418,27.92906238,3.527306987,27.9017,3.51247
Haut Uele Ouest:Pawa,HD_121,172341,27.60858154,2.362421836,27.5875,2.33292
Haut Uele Ouest:Rungu,HD_122,131262,27.86122683,2.89277699,27.9642,2.84414
Haut Uele Ouest:Wamba,HD_123,249168,27.97356131,2.17350101,27.9117,2.03295
Haut-Katanga:Kafubu,HD_124,18195,27.7422136,-11.44460133,28.086,-11.4425
Haut-Katanga:Kambove,HD_125,255990,26.7299265,-10.92308547,26.7873,-10.8249
Haut-Katanga:Kapolowe,HD_126,47466,27.12358882,-11.16450671,27.1373,-11.2263
Haut-Katanga:Kasenga,HD_127,112916,28.43309587,-10.50170847,28.2868,-10.6292
Haut-Katanga:Kashobwe,HD_128,41648,28.27388705,-9.850717316,28.209,-9.9118
Haut-Katanga:Kilela Balanda,HD_129,9340,26.64954437,-11.54315424,26.6664,-11.6258
Haut-Katanga:Kilwa,HD_130,188408,28.28996124,-8.970302742,28.127,-8.94784
Haut-Katanga:Kipushi,HD_131,110897,27.32631462,-11.75536468,27.4468,-11.7486
Haut-Katanga:Lukafu,HD_132,47347,27.66115199,-10.63963087,27.6742,-10.6736
Haut-Katanga:Mitwaba,HD_133,105594,27.40135281,-8.84304653,27.2961,-8.83716
Haut-Katanga:Mufunga,HD_134,54982,27.05672662,-9.716153492,27.0588,-9.686
Haut-Katanga:Pweto,HD_135,91622,29.05955987,-8.290245093,29.0099,-8.12709
Haut-Katanga:Sakania,HD_136,189126,28.42451314,-12.44400895,28.9403,-12.5809
Haut-Lomami:Baka,HD_137,124127,24.87178658,-8.693322569,24.5,-8.71463
Haut-Lomami:Bukama,HD_138,89442,25.8602084,-9.315180922,25.9597,-9.37301
Haut-Lomami:Butumba,HD_139,213167,26.41465155,-8.797457499,26.3679,-8.88649
Haut-Lomami:Kabondo Dianda,HD_140,103296,25.8562921,-8.713500209,25.9666,-8.5277
Haut-Lomami:Kabongo,HD_141,189812,25.74199896,-7.291684847,25.8111,-7.35063
Haut-Lomami:Kamina,HD_142,19056,25.18140923,-8.657620246,25.225,-8.6494
Haut-Lomami:Kaniama,HD_143,162552,24.18241121,-7.746758343,24.1568,-7.8673
Haut-Lomami:Kayamba,HD_144,123021,25.14592041,-6.94184629,25.1074,-7.04659
Haut-Lomami:Kinda,HD_145,58110,24.97419175,-9.389531378,24.8885,-9.48047
Haut-Lomami:Kinkondja,HD_146,59764,26.47600053,-7.709725843,26.334,-7.7071
Haut-Lomami:Kitenge,HD_147,36349,25.73909595,-6.526847315,25.7167,-6.518
Haut-Lomami:Lwamba,HD_148,131491,26.7523652,-7.955175347,26.6859,-7.92376
Haut-Lomami:Malemba Nkulu,HD_149,15959,26.4835443,-8.172358396,26.5086,-8.2043
Haut-Lomami:Mukanga,HD_150,228386,26.9320525,-8.298442001,27.1424,-8.18682
Haut-Lomami:Mulongo,HD_151,73371,27.12852126,-7.787310537,27.2684,-7.71325
Haut-Lomami:Songa,HD_152,142092,25.08409299,-8.219201756,25.1356,-8.06222
Kabinda:Kabinda,HD_153,218617,24.46305008,-6.230817858,24.4258,-6.24407
Kabinda:Kalambayi Kabanga,HD_154,236409,24.25504336,-6.649391774,24.4096,-6.74181
Kabinda:Kalonda Est,HD_155,187869,25.12724008,-6.476657719,25.0964,-6.4254
Kabinda:Kamana,HD_156,139852,25.31477851,-5.867503809,25.3977,-5.81913
Kabinda:Lubao,HD_157,96742,25.84864133,-5.453302377,25.8784,-5.51885
Kabinda:Ludimbi Lukula,HD_158,131046,24.57923299,-5.728668993,24.4935,-5.71273
Kabinda:Mulumba,HD_159,251273,23.87333405,-6.598462241,23.8661,-6.5989
Kabinda:Ngandajika,HD_160,237846,24.00770064,-6.741837294,24.0476,-6.76081
Kabinda:Tshofa,HD_161,139063,24.93220994,-5.292151561,24.9935,-5.23977
Kalamu:Kalamu I,HD_162,195112,15.31418081,-4.357583702,15.3156,-4.35837
Kalamu:Kalamu II,HD_163,135204,15.31927991,-4.339133362,15.3198,-4.34071
Kalamu:Kingabwa,HD_164,199892,15.35185663,-4.351168463,15.3573,-4.3494
Kalamu:Kisenso,HD_165,237411,15.34164893,-4.410480105,15.3448,-4.41566
Kalamu:Lemba,HD_166,473576,15.32780829,-4.392533386,15.3208,-4.40239
Kalamu:Limete,HD_167,617215,15.33305268,-4.355483785,15.3363,-4.35569
Kalamu:Matete,HD_168,240219,15.34652592,-4.389426877,15.3504,-4.38951
Kalamu:Ngaba,HD_169,89801,15.32042432,-4.380158784,15.3226,-4.38011
Kananga:Bobozo,HD_170,1328,22.39024366,-5.961174983,22.3908,-5.96453
Kananga:Kananga,HD_171,87195,22.43128122,-5.923560388,22.4323,-5.92802
Kananga:Katoka,HD_172,257053,22.375403,-5.88745011,22.3309,-5.87636
Kananga:Lukonga,HD_173,202765,22.44947745,-5.889780265,22.4666,-5.86844
Kananga:Ndesha,HD_174,199664,22.39681539,-5.872519488,22.4048,-5.82782
Kananga:Tshikaji,HD_175,26694,22.45871839,-5.977717953,22.4668,-5.99291
Kasa?:Bulape,HD_176,180683,21.66895877,-4.576997141,21.7548,-4.36753
Kasa?:Dekese,HD_177,153885,21.5308033,-3.494673623,21.3731,-3.28824
Kasa?:Ilebo,HD_178,100632,20.62761001,-4.333314253,20.7068,-4.35715
Kasa?:Kakenge,HD_179,101111,22.02670417,-4.59356879,22.151,-4.46798
Kasa?:Luebo,HD_180,161024,21.5225247,-5.644667317,21.5031,-5.63544
Kasa?:Mikope,HD_181,226080,20.52709537,-4.876487765,20.5527,-4.91808
Kasa?:Mushenge,HD_182,136077,21.21350057,-4.493279724,21.1965,-4.40029
Kasa?:Mweka,HD_183,202110,21.56882602,-5.028600308,21.565,-5.0414
Kasa?:Ndjoko-Mpunda,HD_184,103339,21.08555844,-5.694836865,21.0947,-5.7147
Kikwit:Kikwit-Nord,HD_185,734027,18.81003626,-5.039283474,18.8241,-5.02137
Kikwit:Kikwit-Sud,HD_186,168896,18.80955883,-5.061333888,18.8095,-5.07936
Kindu:Alunguli,HD_187,56564,25.93965755,-2.953042637,25.9606,-2.94493
Kindu:Kindu,HD_188,247198,25.91429517,-2.946460891,25.8807,-2.93333
Kisangani:Kabondo,HD_189,2245,25.35804824,0.589914869,25.4026,0.638183
Kisangani:Lubunga,HD_190,50356,25.1643848,0.477363876,25.1177,0.392464
Kisangani:Makiso-Kisangani,HD_191,735416,25.19071527,0.51835855,25.2297,0.520134
Kisangani:Mangobo,HD_192,1282,25.10479476,0.605646023,25.0975,0.603866
Kisangani:Tshopo,HD_193,6135,25.24390789,0.670011091,25.2924,0.729461
Kolwezi:Bunkeya,HD_194,26553,27.00765999,-10.37634525,27.014,-10.3754
Kolwezi:Dilala,HD_195,43115,25.23055782,-10.59849659,25.2346,-10.5753
Kolwezi:Fungurume,HD_196,63123,26.36242647,-10.66607703,26.3609,-10.7922
Kolwezi:Kanzenze,HD_197,16399,25.4192148,-10.05557074,25.4395,-10.0132
Kolwezi:Lualaba,HD_198,520824,25.50754805,-10.72416031,25.6011,-10.9974
Kolwezi:Lubudi,HD_199,105509,26.1087029,-10.19976253,26.195,-10.1382
Kolwezi:Manika,HD_200,14014,26.19185143,-11.44038625,26.0683,-11.4916
Kolwezi:Mutshatsha,HD_201,57336,24.67326223,-10.62451394,24.6908,-10.6905
Kwango:Boko,HD_202,272418,16.83674072,-4.993269702,16.7344,-4.969
Kwango:Feshi,HD_203,81057,18.30974155,-6.235555861,18.3831,-6.33759
Kwango:Kahemba,HD_204,168345,19.15166415,-7.261405337,19.2598,-7.1812
Kwango:Kajiji,HD_205,70706,18.51762301,-7.586827002,18.51,-7.54199
Kwango:Kasongo Lunda,HD_206,132448,16.88587727,-6.421675558,16.9094,-6.47027
Kwango:Kenge,HD_207,296480,17.32032783,-4.708095703,17.358,-4.7254
Kwango:Kimbao,HD_208,140669,17.25007144,-5.535549736,17.2522,-5.50626
Kwango:Kisandji,HD_209,116227,19.11316966,-6.369029269,19.0078,-6.49002
Kwango:Kitenda,HD_210,79645,17.33740735,-7.133999832,17.3583,-7.23568
Kwango:Mwela-Lembwa,HD_211,130697,17.75684383,-6.038600015,17.7858,-6.1253
Kwango:Panzi,HD_212,161147,18.03604427,-7.18271525,18.0646,-7.17467
Kwango:Popokabaka,HD_213,270488,16.62733484,-5.724623067,16.5793,-5.64729
Kwango:Tembo,HD_214,77493,17.49856695,-7.783138917,17.6931,-7.79307
Kwango:Wamba Lwadi,HD_215,300023,17.33942849,-6.470996842,17.3243,-6.47641
Kwilu:Bagata,HD_216,250284,17.85278364,-3.815260497,17.848,-3.73761
Kwilu:Bulungu,HD_217,231165,18.81739634,-4.565957041,18.8596,-4.57314
Kwilu:Djuma,HD_218,227837,18.59771936,-4.30872055,18.616,-4.25808
Kwilu:Gungu,HD_219,363274,19.2896401,-5.859596177,19.2578,-5.9881
Kwilu:Idiofa,HD_220,499145,19.51436359,-4.955297757,19.4541,-5.02623
Kwilu:Ipamu,HD_221,192795,19.69490531,-4.30264762,19.7095,-4.30827
Kwilu:Kikongo,HD_222,169921,17.3386188,-4.127400007,17.1681,-4.17017
Kwilu:Kimputu,HD_223,185695,19.32764693,-4.340854952,19.3418,-4.31681
Kwilu:Kingandu,HD_224,90796,18.60968368,-5.643197096,18.6338,-5.64972
Kwilu:Koshibanda,HD_225,257097,19.85310328,-5.138919354,19.8909,-5.03285
Kwilu:Lusanga,HD_226,180752,18.90851741,-4.977480178,18.9104,-5.01957
Kwilu:Masi-Manimba,HD_227,276359,17.79908874,-4.934603006,17.8211,-5.00538
Kwilu:Moanza,HD_228,274860,18.16605741,-5.473342815,18.0367,-5.47482
Kwilu:Mokala,HD_229,145002,19.01270205,-3.958707171,19.0174,-3.95722
Kwilu:Mosango,HD_230,154971,18.12446768,-4.774450981,18.1915,-4.87991
Kwilu:Mukedi,HD_231,209309,19.77546834,-5.691104471,19.8998,-5.6978
Kwilu:Mungindu,HD_232,90269,19.08605314,-5.520273151,19.0747,-5.50783
Kwilu:Pay Kongila,HD_233,78937,18.51638407,-5.032898767,18.499,-5.01779
Kwilu:Sia,HD_234,119213,18.57128963,-3.800674797,18.5426,-3.81188
Kwilu:Vanga,HD_235,247111,18.30551267,-4.464253716,18.3187,-4.46473
Kwilu:Yasa-Bonga,HD_236,419142,17.9437087,-4.487029836,17.9091,-4.49992
Likasi:Kikula,HD_237,20020,27.27042506,-10.74283669,27.3648,-10.7641
Likasi:Likasi,HD_238,324015,26.77298203,-10.98242452,26.8729,-11.0205
Likasi:Panda,HD_239,1696,26.74232643,-11.37849364,26.6899,-11.4476
Lualaba:Dilolo,HD_240,116671,22.57697878,-10.61050654,22.6287,-10.6095
Lualaba:Kafakumba,HD_241,93459,23.69136715,-9.524399827,23.7965,-9.39448
Lualaba:Kalamba,HD_242,59031,23.28327438,-8.259260198,23.2574,-8.48669
Lualaba:Kapanga,HD_243,101945,22.47547738,-8.281459103,22.3659,-8.34374
Lualaba:Kasaji,HD_244,204894,23.40909551,-10.48916122,23.5995,-10.5027
Lualaba:Sandoa,HD_245,141880,22.80931607,-9.620469615,22.5971,-9.47309
Lubumbashi:Kamalondo,HD_246,5357,27.66926748,-11.77650467,27.7083,-11.7638
Lubumbashi:Kampemba,HD_247,8049,27.82227996,-11.72983591,27.8632,-11.7542
Lubumbashi:Katuba,HD_248,1518,27.65716625,-11.88832058,27.656,-11.9004
Lubumbashi:Kenya,HD_249,2372,27.76261796,-11.88366824,27.7757,-11.891
Lubumbashi:Kisanga,HD_250,2695,27.53799091,-11.91589211,27.5523,-11.9168
Lubumbashi:Lubumbashi,HD_251,1074285,27.48021733,-11.66578104,27.5009,-11.7013
Lubumbashi:Mumbunda,HD_252,5067,27.53874446,-11.82093068,27.5341,-11.8192
Lubumbashi:Rwashi,HD_253,4642,27.71673586,-11.57224214,27.9251,-11.5994
Lubumbashi:Tshamilemba,HD_254,41708,27.56161693,-11.64587098,27.6136,-11.6469
Luiza:Bilomba,HD_255,73807,22.25488734,-6.555859088,22.2661,-6.54542
Luiza:Kalomba,HD_256,116016,21.68700269,-6.769581135,21.6744,-6.78703
Luiza:Luambo,HD_257,164515,22.05853553,-7.362551367,22.0616,-7.42426
Luiza:Luiza,HD_258,173931,22.46122769,-7.062531007,22.4938,-7.02861
Luiza:Masuika,HD_259,142104,22.51125012,-7.57230821,22.5131,-7.57836
Luiza:Ndekesha,HD_260,168630,21.92192145,-6.366243879,21.8662,-6.32971
Luiza:Tshibala,HD_261,189633,21.98863459,-6.876572717,21.9992,-6.89085
Luiza:Yangala,HD_262,140691,22.98746701,-7.366726856,22.9765,-7.38208
Lukaya:Kimvula,HD_263,163542,16.01450422,-5.56817535,16.0384,-5.45372
Lukaya:Kisantu,HD_264,205780,15.23496411,-5.149069818,15.2823,-5.12587
Lukaya:Masa,HD_265,63981,15.16114335,-4.59656324,15.157,-4.60134
Lukaya:Ngidinga,HD_266,134787,15.45148333,-5.684150368,15.5053,-5.68462
Lukaya:Nselo,HD_267,203059,15.51346415,-5.29692094,15.6237,-5.28328
Lukaya:Sona-Bata,HD_268,176050,15.30096077,-4.808880071,15.3789,-4.81287
Lukunga:Bandalungwa,HD_269,296376,15.28471539,-4.340786443,15.2839,-4.34265
Lukunga:Binza Meteo,HD_270,704892,15.25936775,-4.371787462,15.2498,-4.38332
Lukunga:Binza Ozone,HD_271,223832,15.23590713,-4.346111298,15.2274,-4.34348
Lukunga:Kintambo,HD_272,218180,15.26900366,-4.343495141,15.2687,-4.34581
Lukunga:Kokolo,HD_273,97921,15.28920906,-4.335872065,15.2874,-4.33489
Lukunga:Mont Ngafula I,HD_274,287784,15.29620943,-4.446144941,15.3077,-4.5283
Lukunga:Mont Ngafula II,HD_275,205877,15.21603191,-4.423983477,15.1955,-4.43135
Lukunga:Selembao,HD_276,572069,15.28336692,-4.393577521,15.2776,-4.4068
Lulua:Bena Leka,HD_277,213287,22.07941039,-5.177114194,22.0955,-5.1091
Lulua:Bena Tshiadi,HD_278,51895,22.7686108,-4.573840954,22.8081,-4.55391
Lulua:Bunkonde,HD_279,64486,22.60349528,-6.355570341,22.5827,-6.36392
Lulua:Demba,HD_280,232740,22.25336953,-5.509232274,22.2997,-5.49979
Lulua:Dibaya,HD_281,131739,22.90936584,-6.460778947,22.9689,-6.4772
Lulua:Katende,HD_282,167808,22.95095996,-5.577986942,22.9202,-5.4621
Lulua:Lubondaie,HD_283,125275,22.8165223,-6.673226356,22.8045,-6.71353
Lulua:Lubunga,HD_284,72653,23.34049828,-5.609060566,23.4001,-5.51587
Lulua:Mikalayi,HD_285,168723,22.18521094,-6.073889763,22.1136,-6.02989
Lulua:Muetshi,HD_286,84975,22.6992425,-4.879574249,22.6927,-4.91018
Lulua:Mutoto,HD_287,62099,22.58163556,-5.675472966,22.6412,-5.62428
Lulua:Tshikula,HD_288,203566,22.79661889,-6.059492989,22.7574,-6.03787
Mai-Ndombe:Banjow Moke,HD_289,119145,17.66658735,-1.777365803,17.7957,-1.86736
Mai-Ndombe:Bokoro,HD_290,374311,18.56416778,-3.134187376,18.6211,-3.05219
Mai-Ndombe:Bosobe,HD_291,69432,19.06847406,-3.324254379,19.1923,-3.26403
Mai-Ndombe:Inongo,HD_292,146061,18.3087953,-1.813515654,18.5504,-1.92753
Mai-Ndombe:Kiri,HD_293,168489,19.30047891,-1.809192565,19.2773,-1.84309
Mai-Ndombe:Mimia,HD_294,61402,19.9791356,-2.536340698,20.161,-2.58329
Mai-Ndombe:Nioki,HD_295,263094,17.8454863,-2.900331604,17.8325,-2.90799
Mai-Ndombe:Ntandembelo,HD_296,146529,16.99265019,-2.01374675,17.0842,-1.99117
Mai-Ndombe:Oshwe,HD_297,107283,19.90213714,-3.752294708,20.0446,-3.67566
Mai-Ndombe:Penjwa,HD_298,69168,19.10466047,-1.208664123,19.072,-1.1766
Maniema Centre:Kailo,HD_299,143584,25.72741797,-2.572513458,25.6848,-2.50116
Maniema Centre:Kalima,HD_300,210892,26.64512431,-2.662526182,26.6498,-2.74646
Maniema Centre:Kampene,HD_301,185510,26.63588489,-3.540686556,26.4816,-3.50482
Maniema Centre:Pangi,HD_302,97623,26.66686187,-3.159846516,26.604,-3.15616
Maniema Nord:Ferekeni,HD_303,136218,26.46688635,-1.637746885,26.5126,-1.68366
Maniema Nord:Lubutu,HD_304,112410,26.72027049,-0.709299688,26.9164,-0.623245
Maniema Nord:Obokote,HD_305,50051,26.56681662,-1.116313485,26.5962,-1.1001
Maniema Nord:Punia,HD_306,35455,27.23985113,-1.744708778,27.3134,-1.76183
Maniema Sud:Kabambare,HD_307,101178,28.10541153,-4.642875139,28.0735,-4.66288
Maniema Sud:Kasongo,HD_308,316956,26.71474681,-4.298419886,26.7592,-4.19215
Maniema Sud:Kibombo,HD_309,88196,25.77822763,-4.095141816,25.6596,-4.07381
Maniema Sud:Kunda,HD_310,91873,26.39439827,-4.01955047,26.2826,-3.91597
Maniema Sud:Lusangi,HD_311,94202,27.14057958,-4.739909482,27.232,-4.67542
Maniema Sud:Samba,HD_312,292240,26.34025538,-4.68194934,26.323,-4.72487
Maniema Sud:Saramabila,HD_313,107020,27.3066177,-4.151733731,27.3889,-4.15067
Maniema Sud:Tunda,HD_314,71577,25.09821435,-4.222756148,25.1359,-4.06649
Masisi:Kirotshe,HD_315,418317,28.93034211,-1.604960338,28.954,-1.57333
Masisi:Masisi,HD_316,716886,28.77552075,-1.43509988,28.7372,-1.4431
Masisi:Mweso,HD_317,295595,28.87427381,-1.183969497,28.8805,-1.15046
Masisi:Pinga,HD_318,226499,28.62600787,-0.879127559,28.4637,-0.758506
Masisi:Walikale,HD_319,201482,28.04424578,-1.457034616,27.9343,-1.39354
Matadi:Matadi,HD_320,307585,13.46349805,-5.824679128,13.4691,-5.84592
Matadi:Nzanza,HD_321,2091,13.41661447,-5.818350697,13.4088,-5.82939
Mbandaka:Bolenge,HD_322,7690,18.19472143,-0.059296754,18.2629,-0.107747
Mbandaka:Mbandaka,HD_323,2223,18.2209638,-0.176071981,18.1841,-0.182065
Mbandaka:Wangata,HD_324,253690,18.27191103,0.040876158,18.3194,-0.00547779
Mbuji-Mayi:Bipemba,HD_325,150772,23.5731479,-6.103201139,23.5735,-6.09064
Mbuji-Mayi:Bonzola,HD_326,305061,23.5926256,-6.139012629,23.6122,-6.15033
Mbuji-Mayi:Dibindi,HD_327,69547,23.61601043,-6.12944136,23.6192,-6.12981
Mbuji-Mayi:Diulu,HD_328,131600,23.59401489,-6.106875168,23.598,-6.10128
Mbuji-Mayi:Kansele,HD_329,145608,23.60576263,-6.117844667,23.6093,-6.11604
Mbuji-Mayi:Lubilanji,HD_330,57611,23.6052669,-6.133979447,23.6105,-6.13717
Mbuji-Mayi:Lukelenge,HD_331,90306,23.64296836,-6.118338607,23.6514,-6.11799
Mbuji-Mayi:Mpokolo,HD_332,28100,23.54783648,-6.09449153,23.5435,-6.08412
Mbuji-Mayi:Muya,HD_333,59874,23.63180442,-6.102432954,23.633,-6.10043
Mbuji-Mayi:Nzaba,HD_334,142617,23.55786053,-6.135571647,23.5504,-6.13689
Mongala:Binga,HD_335,120568,20.42090307,2.213430591,20.4128,2.14965
Mongala:Bongandanga,HD_336,99875,21.25634885,1.349715261,21.3718,1.26336
Mongala:Boso Manzi,HD_337,136326,21.16522159,2.874099027,21.1958,2.80785
Mongala:Boso Mondanda,HD_338,60519,19.98900809,1.732034877,19.7673,1.71216
Mongala:Bosondjo,HD_339,71286,21.95306694,2.003936735,22.0386,1.98156
Mongala:Bumba,HD_340,81151,22.65685764,2.23259464,22.7032,2.24056
Mongala:Lisala,HD_341,288689,21.37969238,2.22991393,21.2385,2.28373
Mongala:Lolo,HD_342,125976,23.08763602,2.303868563,23.2111,2.31937
Mongala:Pimu,HD_343,159199,21.05626942,1.817081554,21.1392,1.81716
Mongala:Yamaluka,HD_344,530591,22.34667962,2.275690464,22.1745,2.42506
Mongala:Yambuku,HD_345,170564,22.18549558,2.782858194,22.3369,2.83885
Mongala:Yamongili,HD_346,40266,22.67422746,2.53770327,22.7631,2.55027
Mwene Ditu:Kalenda,HD_347,166781,23.46035569,-7.436122295,23.4477,-7.43498
Mwene Ditu:Kamiji,HD_348,54544,23.23892459,-6.697816845,23.2286,-6.7028
Mwene Ditu:Kanda Kanda,HD_349,112848,23.7366596,-6.885135707,23.7491,-6.91781
Mwene Ditu:Luputa,HD_350,178314,23.7507933,-7.320649899,23.7851,-7.49472
Mwene Ditu:Makota,HD_351,78977,23.44146509,-7.022266205,23.4171,-7.02087
Mwene Ditu:Mwene Ditu,HD_352,140266,23.45009199,-6.989594024,23.4135,-6.93088
Mwene Ditu:Wikong,HD_353,74617,23.31833534,-7.811973319,23.3132,-7.85945
Ndjili:Biyela,HD_354,79997,15.39994,-4.446557853,15.4025,-4.4903
Ndjili:Kikimi,HD_355,78283,15.43898842,-4.439860584,15.4751,-4.52191
Ndjili:Kimbanseke,HD_356,157550,15.37586258,-4.431931912,15.3696,-4.44597
Ndjili:Kingasani,HD_357,215269,15.40138487,-4.41077251,15.4066,-4.41326
Ndjili:Masina I,HD_358,81511,15.40411847,-4.392907192,15.4162,-4.37369
Ndjili:Masina II,HD_359,437104,15.38287519,-4.385164358,15.3889,-4.36028
Ndjili:Ndjili,HD_360,414088,15.37624193,-4.402523439,15.3736,-4.4063
Nord-Ubangi:Abuzi,HD_361,23007,22.2174409,3.277466851,22.1462,3.36608
Nord-Ubangi:Bili,HD_362,172411,19.78935675,4.755030435,19.7181,4.79155
Nord-Ubangi:Bosobolo,HD_363,137447,19.80111527,4.307367059,19.8498,4.35175
Nord-Ubangi:Businga,HD_364,119911,20.96480839,3.30198343,21.4016,3.19465
Nord-Ubangi:Gbadolite,HD_365,66353,20.94162853,4.278377071,20.8765,4.28287
Nord-Ubangi:Karawa,HD_366,262061,20.41334002,3.283836454,20.4056,3.29456
Nord-Ubangi:Loko,HD_367,112037,20.41333865,3.78799017,20.744,3.72483
Nord-Ubangi:Mobayi Mbongo,HD_368,97400,21.03615924,4.119811541,21.0314,4.079
Nord-Ubangi:Wapinda,HD_369,64229,22.80808929,3.67103451,23.0157,3.71624
Nord-Ubangi:Wasolo,HD_370,137297,22.4125171,3.801667286,22.0928,3.76754
Nord-Ubangi:Yakoma,HD_371,150990,22.43699563,4.081978938,22.2047,4.03188
Nsele:Maluku I,HD_372,153280,15.69153965,-4.241305616,15.7836,-4.4166
Nsele:Maluku II,HD_373,76088,16.19397019,-4.372981585,16.1564,-4.45135
Nsele:Nsele,HD_374,319578,15.49854723,-4.37225317,15.5826,-4.42073
Plateau:Bolobo,HD_375,124221,16.31009422,-2.475855607,16.3808,-2.68259
Plateau:Kwamouth,HD_376,107828,16.70628125,-3.506855038,16.6781,-3.57935
Plateau:Mushie,HD_377,149115,17.16942309,-2.635239898,17.1824,-2.51831
Plateau:Yumbi,HD_378,120893,16.49158379,-2.036291354,16.52,-2.10559
Rutshuru:Binza,HD_379,406933,29.54032026,-0.822773859,29.5221,-0.815245
Rutshuru:Birambizo,HD_380,335467,29.14304,-0.990313022,29.1552,-1.06528
Rutshuru:Goma,HD_381,417648,29.21311348,-1.668135386,29.1978,-1.654
Rutshuru:Karisimbi,HD_382,116107,29.26372481,-1.608962523,29.2859,-1.53961
Rutshuru:Rutshuru,HD_383,505084,29.3596884,-0.925936352,29.3374,-1.06107
Rutshuru:Rwanguba,HD_384,119374,29.52626122,-1.229582968,29.513,-1.26124
SK Centre:Kaniola,HD_385,125237,28.46946048,-2.609738796,28.4278,-2.5913
SK Centre:Kaziba,HD_386,137452,28.85290804,-2.811013517,28.8267,-2.8367
SK Centre:Mubumbano,HD_387,106511,28.67277855,-2.736760129,28.6548,-2.76275
SK Centre:Mwana,HD_388,27870,28.70080072,-2.871086917,28.7,-2.90677
SK Centre:Nyangezi,HD_389,82999,28.92520462,-2.712111244,28.9332,-2.71644
SK Centre:Nyantende,HD_390,55784,28.87385649,-2.599928391,28.8662,-2.59433
SK Centre:Walungu,HD_391,211658,28.70573463,-2.625820089,28.7069,-2.58475
SK Nord:Bunyakiri,HD_392,78603,28.52085423,-2.021695844,28.4478,-2.04253
SK Nord:Idjwi,HD_393,207202,29.05283167,-2.123660293,29.0612,-2.12149
SK Nord:Kabare,HD_394,169707,28.80053712,-2.37419794,28.7585,-2.36952
SK Nord:Kalehe,HD_395,83138,28.80519279,-2.03310345,28.7845,-2.00825
SK Nord:Kalonge,HD_396,70517,28.51955831,-2.351495822,28.4873,-2.32784
SK Nord:Katana,HD_397,117974,28.84258803,-2.261096725,28.8215,-2.23946
SK Nord:Minova,HD_398,98818,28.94891812,-1.784589785,28.9258,-1.80452
SK Nord:Miti-Murhesa,HD_399,24239,28.63678055,-2.132809045,28.6596,-2.15281
SK Ouest:Kalole,HD_400,140421,27.4707243,-3.637588388,27.5673,-3.62086
SK Ouest:Kamituga,HD_401,178807,28.18460593,-3.198807149,28.1611,-3.18602
SK Ouest:Kitutu,HD_402,76489,28.01306003,-3.394806836,28.035,-3.46564
SK Ouest:Lulingu,HD_403,86187,27.42247008,-2.362300274,27.4236,-2.3515
SK Ouest:Mulungu,HD_404,126628,27.95555981,-2.625056109,27.9124,-2.59034
SK Ouest:Mwenga,HD_405,130154,28.48578299,-3.047083003,28.5112,-3.06692
SK Ouest:Shabunda,HD_406,113277,27.2214519,-2.786273296,27.1708,-2.76734
SK Sud:Fizi,HD_407,291269,28.98942398,-4.259319557,28.9419,-4.39518
SK Sud:Haut-Plateau,HD_408,488108,28.92699677,-2.998433298,28.9268,-3.25781
SK Sud:Itombwe,HD_409,176341,28.65693726,-3.611136183,28.5959,-3.56812
SK Sud:Kimbi Lulenge,HD_410,119428,28.35391736,-4.288419733,28.3925,-4.27836
SK Sud:Lemera,HD_411,544247,28.99472127,-2.88179244,29.0366,-3.017
SK Sud:Minembwe,HD_412,58901,28.63265908,-3.976369467,28.5635,-4.02514
SK Sud:Nundu,HD_413,78718,28.99472401,-3.749079764,28.9522,-3.73352
SK Sud:Ruzizi,HD_414,131976,29.15233127,-3.116224296,29.1629,-3.09725
SK Sud:Uvira,HD_415,483738,29.13702171,-3.384784436,29.1045,-3.4009
Sankuru:Bena Dibele,HD_416,185027,22.74623547,-3.753226966,22.7494,-3.69077
Sankuru:Dikungu,HD_417,87403,24.35223643,-4.168952862,24.2387,-4.31078
Sankuru:Djalo Djeka,HD_418,222841,24.03945324,-3.465659325,24.1195,-3.20296
Sankuru:Katako Kombe,HD_419,76140,24.60682651,-3.294679172,24.7357,-3.03391
Sankuru:Kole,HD_420,60633,22.2937083,-3.675906013,22.2631,-3.67449
Sankuru:Lodja,HD_421,255781,23.57401551,-3.487987978,23.5158,-3.4204
Sankuru:Lomela,HD_422,103634,23.65223095,-2.279318342,23.8354,-2.2333
Sankuru:Lusambo,HD_423,58232,23.35452042,-5.029050471,23.3222,-5.03066
Sankuru:Minga,HD_424,76718,24.29974585,-4.914605928,24.1236,-4.87172
Sankuru:Omendjadi,HD_425,67077,23.47302186,-3.11740808,23.3885,-3.0755
Sankuru:Ototo,HD_426,52571,23.43031151,-4.884224479,23.4497,-4.57474
Sankuru:Pania Mutombo,HD_427,56997,23.87427911,-5.289121272,23.836,-5.22763
Sankuru:Tshudi Loto,HD_428,122913,22.6134797,-2.370681524,22.6076,-2.44969
Sankuru:Tshumbe,HD_429,92813,24.61279216,-4.683547696,24.6514,-4.68814
Sankuru:Vanga Kete,HD_430,350840,23.49215849,-3.821293557,23.4534,-3.84728
Sankuru:Wembo Nyama,HD_431,158201,24.58664384,-4.083394426,24.6735,-4.04593
Sud-Ubangi:Bangabola,HD_432,123083,19.3922009,2.427184964,19.4012,2.30345
Sud-Ubangi:Bogosenubea,HD_433,97211,19.69910451,3.735248056,19.7274,3.79151
Sud-Ubangi:Bokonzi,HD_434,116821,18.59522822,2.310175555,18.5696,2.25538
Sud-Ubangi:Bominenge,HD_435,188707,20.07540267,3.323271891,20.0847,3.29621
Sud-Ubangi:Boto,HD_436,122939,19.03016986,3.021949814,18.9543,2.99009
Sud-Ubangi:Budjala,HD_437,175090,19.61725794,2.649714399,19.7039,2.46747
Sud-Ubangi:Bulu,HD_438,135549,20.04179525,2.597430959,20.0322,2.58705
Sud-Ubangi:Bwamanda,HD_439,190966,19.37393524,3.306535725,19.3979,3.3519
Sud-Ubangi:Gemena,HD_440,469260,19.79606485,3.23736781,19.8434,3.20854
Sud-Ubangi:Kungu,HD_441,311835,19.03418041,2.691388533,18.951,2.64269
Sud-Ubangi:Libenge,HD_442,208093,18.99510631,4.039497154,19.0442,4.1133
Sud-Ubangi:Mawuya,HD_443,61448,18.80326979,3.263951837,18.8307,3.27236
Sud-Ubangi:Mbaya,HD_444,112819,20.33423589,2.689076983,20.3695,2.68276
Sud-Ubangi:Ndage,HD_445,89439,20.71546255,2.80671803,20.7072,2.74101
Sud-Ubangi:Tandala,HD_446,177269,19.5078679,2.954199304,19.5333,2.97661
Tanganika:Ankoro,HD_447,90913,26.74985958,-6.979614141,26.6341,-6.97348
Tanganika:Kabalo,HD_448,191410,26.83179577,-6.226268872,26.8919,-6.25408
Tanganika:Kalemie,HD_449,153484,29.03550815,-6.024987453,28.7858,-6.35333
Tanganika:Kansimba,HD_450,70840,29.18679516,-7.177133612,29.0757,-7.34588
Tanganika:Kiyambi,HD_451,52151,28.0619669,-7.531168954,28.155,-7.37504
Tanganika:Kongolo,HD_452,172944,27.26243691,-5.273520182,27.2904,-5.31024
Tanganika:Manono,HD_453,218132,27.38059484,-7.277600183,27.3937,-7.14484
Tanganika:Mbulala,HD_454,185958,26.79793079,-5.409472459,26.5587,-5.40587
Tanganika:Moba,HD_455,352393,29.78539064,-7.533401882,29.8903,-7.7128
Tanganika:Nyemba,HD_456,199808,29.07217181,-5.691711022,28.8835,-5.47418
Tanganika:Nyunzu,HD_457,154406,27.93744358,-5.731538481,27.9347,-5.73131
Tshikapa:Banga Lubaka,HD_458,139284,20.52167265,-5.630067359,20.544,-5.61818
Tshikapa:Kalonda,HD_459,112627,20.75133127,-6.42419628,20.7271,-6.43737
Tshikapa:Kamonia,HD_460,209255,20.94471974,-6.918861226,20.8964,-6.9731
Tshikapa:Kamwesha,HD_461,407869,21.09457464,-6.360167818,21.1303,-6.29777
Tshikapa:Kanzala,HD_462,107645,20.78292225,-6.436138489,20.7858,-6.461
Tshikapa:Kitangwa,HD_463,296081,20.26070324,-6.402518808,20.209,-6.50667
Tshikapa:Mutena,HD_464,121990,21.36607276,-7.009308915,21.3841,-7.02123
Tshikapa:Nyanga,HD_465,139825,20.37355191,-5.962729377,20.321,-5.9895
Tshikapa:Tshikapa,HD_466,36518,20.7446628,-6.393163732,20.7437,-6.39205
Tshilenge:Bibanga,HD_467,127578,23.90547609,-6.229650285,23.8895,-6.09367
Tshilenge:Cilundu,HD_468,141934,23.28936558,-6.351064059,23.2935,-6.38872
Tshilenge:Kabeya Kamuanga,HD_469,148201,23.16847855,-6.007447402,23.1676,-5.96341
Tshilenge:Kasansa,HD_470,339677,23.65140777,-6.491933954,23.6187,-6.55873
Tshilenge:Miabi,HD_471,149265,23.36217587,-6.214539721,23.3372,-6.16526
Tshilenge:Mukumbi,HD_472,88533,23.64543088,-5.901473341,23.5896,-5.87264
Tshilenge:Tshilenge,HD_473,304110,23.71063049,-6.274648726,23.7063,-6.3011
Tshilenge:Tshishimbi,HD_474,290438,23.54678368,-6.190175319,23.4853,-6.19102
Tshilenge:Tshitenge,HD_475,147072,23.7091653,-6.161488807,23.7384,-6.1377
Tshopo Lindi:Bafwagbogbo,HD_476,35373,26.67516358,1.627509105,26.7313,1.62892
Tshopo Lindi:Bafwasende,HD_477,61179,26.91567739,0.983176894,26.6907,0.988643
Tshopo Lindi:Banalia,HD_478,147839,25.56456098,1.791528338,25.6156,1.75709
Tshopo Lindi:Bengamisa,HD_479,86519,25.18092132,1.075933322,25.0407,1.12357
Tshopo Lindi:Lowa,HD_480,93510,25.68668252,-1.25372866,25.5927,-1.26967
Tshopo Lindi:Opala,HD_481,189104,23.95891064,-0.751223298,24.2386,-1.04846
Tshopo Lindi:Opienge,HD_482,64457,27.49603433,0.242345876,27.3335,0.191625
Tshopo Lindi:Ubundu,HD_483,99502,25.29394228,-0.264295478,25.0878,-0.390558
Tshopo Lindi:Wanierukula,HD_484,79336,25.81148883,0.18048821,25.9561,0.0756167
Tshopo Lindi:Yaleko,HD_485,104958,24.51681962,0.099358549,24.6354,-0.15621
Tshopo Lomami:Basali,HD_486,76060,24.16357157,1.473667954,24.4089,1.75363
Tshopo Lomami:Basoko,HD_487,110770,23.68183865,1.18377135,23.7472,1.22303
Tshopo Lomami:Isangi,HD_488,135054,24.35690631,0.845965944,24.3996,0.894738
Tshopo Lomami:Yabaondo,HD_489,257394,23.96790608,0.735552703,23.9756,0.624465
Tshopo Lomami:Yahisuli,HD_490,97078,23.88030666,-0.030043685,23.9257,-0.00746622
Tshopo Lomami:Yahuma,HD_491,177793,23.22238294,0.971800137,23.1432,0.841039
Tshopo Lomami:Yakusu,HD_492,99409,24.59253658,0.594860989,24.6399,0.676074
Tshopo Lomami:Yalimbongo,HD_493,102882,23.35328865,1.80848383,23.4732,1.81429
Tshuapa:Befale,HD_494,119578,20.88834624,0.530820437,20.8877,0.572095
Tshuapa:Boende,HD_495,276994,20.79591624,-0.290100957,20.7381,-0.314972
Tshuapa:Bokungu,HD_496,123189,22.10286898,-0.390825286,22.0665,-0.297873
Tshuapa:Bosanga,HD_497,71024,22.0050704,-0.938576166,21.9952,-0.953243
Tshuapa:Djolu,HD_498,174678,22.60308292,0.531460623,22.6767,0.353463
Tshuapa:Ikela,HD_499,169411,23.38181331,-1.367717373,23.466,-1.49134
Tshuapa:Lingomo,HD_500,123084,22.19185372,1.09190158,22.1616,1.15266
Tshuapa:Mompono,HD_501,60912,21.83866139,0.257465676,21.8303,0.322851
Tshuapa:Mondombe,HD_502,175060,22.88476496,-0.727292603,22.891,-0.641908
Tshuapa:Monkoto,HD_503,133943,20.69724308,-1.522949737,20.9284,-1.64309
Tshuapa:Wema,HD_504,121582,21.33929401,-0.726939021,21.3489,-0.734865
Tshuapa:Yalifafu,HD_505,160868,22.44844773,-1.2795391,22.4331,-1.35988
Zongo:Zongo,HD_506,60004,18.66199637,4.266056012,18.6983,4.21969
Gombe:Police,HD_507,5627,15.3009,-4.31564,15.3009,-4.31564
Lubumbashi:Kowe,HD_508,4315,27.4937,-11.6743,27.4937,-11.6743
Lubumbashi:Vangu,HD_509,929,27.5165,-11.6545,27.5165,-11.6545
