<?xml version="1.0"?>
<!--<!DOCTYPE metadata SYSTEM "http://www.esri.com/metadata/esriprof80.dtd">-->
<metadata xml:lang="fr"><Esri><CreaDate>20161207</CreaDate><CreaTime>11571200</CreaTime><SyncOnce>TRUE</SyncOnce><ArcGISFormat>1.0</ArcGISFormat><DataProperties><itemProps><itemLocation><linkage Sync="TRUE">file://\\OCHAWKSCOD97180\C$\Users\Dotempak\Documents\ArcGIS\RGC_Data\Airport_p</linkage><protocol Sync="TRUE">Local Area Network</protocol></itemLocation></itemProps><copyHistory><copy source="C:\Users\Dotempak\Documents\ArcGIS\RGC_Data\From Nicky\01_Nouveau shape\Donnée logistique &amp; infrastructure\Airport_p" dest="\\OCHAWKSCOD97180\C$\Users\Dotempak\Documents\ArcGIS\RGC_Data\Airport_p" date="20170210" time="09515800"></copy></copyHistory></DataProperties></Esri><idinfo><citation><citeinfo><onlink Sync="TRUE">\\D52L1DH1\D$\work_GIS\EDIT\Aeroport</onlink></citeinfo></citation></idinfo><distInfo><distributor><distorTran><onLineSrc><linkage Sync="TRUE">file://\\D52L1DH1\D$\work_GIS\EDIT\Aeroport</linkage><protocol Sync="TRUE">Local Area Network</protocol></onLineSrc></distorTran></distributor></distInfo><dataqual><lineage><procstep><procdesc Sync="TRUE">Dataset copied.</procdesc><srcused Sync="TRUE">D:\work_GIS\dibock_090625\090623_rout_pont_aero_clusterLOG\edit\Aeroport_point</srcused><date Sync="TRUE">20090626</date><time Sync="TRUE">10141800</time></procstep><procstep><procdesc Sync="TRUE">Dataset copied.</procdesc><srcused Sync="TRUE">D:\work_GIS\090623_rout_pont_aero_Dibock2\edit\Aeroport_point_DB</srcused><date Sync="TRUE">20090902</date><time Sync="TRUE">11040500</time></procstep><procstep><procdesc Sync="TRUE">Dataset copied.</procdesc><srcused Sync="TRUE">D:\data\RGC\Aeroport</srcused><date Sync="TRUE">20091006</date><time Sync="TRUE">19103800</time></procstep><procstep><procdesc Sync="TRUE">Dataset copied.</procdesc><srcused Sync="TRUE">D:\data\RGC\Aeroport</srcused><date Sync="TRUE">20100225</date><time Sync="TRUE">12131900</time></procstep></lineage></dataqual></metadata>
