<?xml version="1.0"?>
<!--<!DOCTYPE metadata SYSTEM "http://www.esri.com/metadata/esriprof80.dtd">-->
<metadata xml:lang="fr"><Esri><CreaDate>20161207</CreaDate><CreaTime>11531400</CreaTime><SyncOnce>TRUE</SyncOnce><ArcGISFormat>1.0</ArcGISFormat><DataProperties><itemProps><itemLocation><linkage Sync="TRUE">file://\\OCHAWKSCOD97180\C$\Users\Dotempak\Documents\ArcGIS\RGC_Data\Port_p</linkage><protocol Sync="TRUE">Local Area Network</protocol></itemLocation></itemProps><copyHistory><copy source="C:\Users\Dotempak\Documents\ArcGIS\RGC_Data\From Nicky\01_Nouveau shape\Donnée logistique &amp; infrastructure\Port_p" dest="\\OCHAWKSCOD97180\C$\Users\Dotempak\Documents\ArcGIS\RGC_Data\Port_p" date="20170210" time="09533700"></copy></copyHistory></DataProperties></Esri><idinfo><citation><citeinfo><onlink Sync="TRUE">\\D52L1DH1\D$\work_GIS\EDIT\Port</onlink></citeinfo></citation></idinfo><distInfo><distributor><distorTran><onLineSrc><linkage Sync="TRUE">file://\\D52L1DH1\D$\work_GIS\EDIT\Port</linkage><protocol Sync="TRUE">Local Area Network</protocol></onLineSrc></distorTran></distributor></distInfo><dataqual><lineage><procstep><procdesc Sync="TRUE">Dataset copied.</procdesc><srcused Sync="TRUE">C:\Xa\work\UNDP\data\RGC\AG\Port_point</srcused><date Sync="TRUE">20080626</date><time Sync="TRUE">13550300</time></procstep><procstep><procdesc Sync="TRUE">Dataset copied.</procdesc><srcused Sync="TRUE">C:\Xa\work\UNDP\data\RGC\update\080327_AS_CTB\out\Port</srcused><date Sync="TRUE">20080626</date><time Sync="TRUE">13593700</time></procstep><procstep><procdesc Sync="TRUE">Dataset copied.</procdesc><srcused Sync="TRUE">D:\data\RGC\Port</srcused><date Sync="TRUE">20090608</date><time Sync="TRUE">11320300</time></procstep><procstep><procdesc Sync="TRUE">Dataset copied.</procdesc><srcused Sync="TRUE">D:\work_GIS\081217_DV_Data\out\Idjwi\Port</srcused><date Sync="TRUE">20090609</date><time Sync="TRUE">18474300</time></procstep><procstep><procdesc Sync="TRUE">Dataset copied.</procdesc><srcused Sync="TRUE">D:\data\RGC\Port</srcused><date Sync="TRUE">20090616</date><time Sync="TRUE">10455100</time></procstep><procstep><procdesc Sync="TRUE">Dataset copied.</procdesc><srcused Sync="TRUE">D:\data\RGC\Port</srcused><date Sync="TRUE">20090730</date><time Sync="TRUE">18442500</time></procstep><procstep><procdesc Sync="TRUE">Dataset copied.</procdesc><srcused Sync="TRUE">D:\work_GIS\081217_DV_Data\out\Kalehe\Port</srcused><date Sync="TRUE">20091006</date><time Sync="TRUE">19270800</time></procstep><procstep><procdesc Sync="TRUE">Dataset copied.</procdesc><srcused Sync="TRUE">D:\work_GIS\081217_DV_Data\out\Kabalo\Port</srcused><date Sync="TRUE">20100204</date><time Sync="TRUE">15295800</time></procstep><procstep><procdesc Sync="TRUE">Dataset copied.</procdesc><srcused Sync="TRUE">D:\data\RGC\Port</srcused><date Sync="TRUE">20100409</date><time Sync="TRUE">12472200</time></procstep></lineage></dataqual></metadata>
